{
  "user_alice": {
    "login": 0.21574411612332428,
    "file_access": 3.353730442380103,
    "api_call": 1.255874113346025,
    "db_query": 2.1467978310020595
  },
  "user_bob": {
    "login": 0.12340949830610896,
    "file_access": 0.8185203428233672,
    "api_call": 4.233272320920829,
    "db_query": 0.40255645397532375
  },
  "user_carol": {
    "login": 0.1421674052789917,
    "file_access": 1.7087847579044482,
    "api_call": 0.45533758815742825,
    "db_query": 5.183495537339723
  },
  "user_dave": {
    "login": 0.07736980858136247,
    "file_access": 0.4186899734790259,
    "api_call": 0.20343114203587628,
    "db_query": 0.3366127962573328
  }
}